ADSALE,exhibition@adsale.com.hk,1b6b7b054a8804e76260,adsale
AIA,HKAIA_Projects&SysSuport-F&B@aia.com,1b6669054f8c051c55d7,aiaaia
AIA,aia_test@dhl.com,dhl123,dhl123
AIA2,aia_test@dhl.com,75df103ad7970474ff70,aiaaia
APO,garychan@apolamps.com,eac7f540649f0402948b,apoapo
BWORKSHOP,stephen.leung@bworkshopltd.com,e8f6b9266dcefcc69c022f8d5b,bworkshop
DELOITTE,deyau@deloitte.com.hk,9e4c6aa66e559ccf03e86bb9,deloitte
ECOM1,ecom@dhl.com,1e120abb61d06652011bcae1,ecomecom
ECOM2,ecom_paper2@dhl.com,1e120abb61d06652011bcae1,ecomecom
ECOM3,ecom_encoding3@dhl.com,1e120abb61d06652011bcae1,ecomecom
ECOM4,ecom4@dhl.com,1e120abb61d06652011bcae1,ecomecom
ECOM4,ecom4_test@dhl.com,ecomecom,ecomecom
ECOM4,kevin.tam@dhl.com,d8b000d851970403f7a1,dhl123
ECOM4,sam.my.wong@dhl.com,d8b000d851970403f7a1,dhl123
GLOBSRC,fungsk@globalsources.com,06d380070f05fdca0449c36a,yCxYATyG
HA,ha_test@dhl.com,0beb3c945e5b6003552e0f,testing
HA,sidney.li@hapcapital.com,1310dca3e6c8ae46d35802528128,hapcapital
HA,vinod.lakhani@dhl.com,b7af1bad22e17103e533dc,testing
HA,wa.wong@hapcapital.com,1310dca3e6c8ae46d35802528128,hapcapital
HANGSENG,april.lau@dhl.com,1be4807f912e029c5fe4,dhl123
HANGSENG,bong.heung@dhl.com,1e67645514de054e1f0e,dhl123
HANGSENG,charmaine.chow@dhl.com3,1f1a2307fb8902e456f6,dhl123
HANGSENG,harry.wu@dhl.com,a43629e2f37303d8d7a4,dhl123
HANGSENG,judy.ip@dhl.com,8dca725dee63bd420394a680,jimmycpf
HEXTRONIK,jasmine@hextronik.com,131742e1fdae297fd804c0d917,hextronik
HKBU,crystalwong@hkbu.edu.hk,953de1ecc100dd09032c568c,hkbuhkbu
HKBU2,gs@hkbu.edu.hk,953de1ecc100dd09032c568c,hkbuhkbu
HSBC,denny.w.h.leung@hsbcpb.com,127c6a074e9e1a0f05173633,hsbchsbc
HSBC,jane.c.lai@hsbcpb.com,127c6a074e9e1a0f05173633,hsbchsbc
HSBC,karen.wai.ying.leung@hsbcpb.com,83ffdf12bc57e2ff03ba617c,lock0609
HSBC,monica.m.k.fung@hsbcpb.com,127c6a074e9e1a0f05173633,hsbchsbc
HSBC,natalie.w.m.sun@hsbcpb.com,127c6a074e9e1a0f05173633,hsbchsbc
HSBC,paul.f.li@hsbcpb.com,315f4e2e5fdb1f3f058aae6b,KPFJy6gS
HSBC,wing.kit.wong@hsbcpb.com,127c6a074e9e1a0f05173633,hsbchsbc
HWPG,dhl_airwaybill@hwpg.com,9a01d38101938cff019861b2,hwpl2015
HWPG,hwpg_test@dhl.com,dhl123,dhl123
HWPG2,hwpg_test@dhl.com,1e67645514de054e1f0e,dhl123
HWPG2,kelvinchu@hwpg.com,ee96b2bccca2cdea01e2529a,RVkvsCKP
ISG,candice.to@inflightsales.com,137c6f0d558a0558e85e,isgisg
ISG,kevin.luk@dhl.com,137c6f0d558a0558e85e,isgisg
ISG,testing_isg@dhl.com,b7af1bad22e17103e533dc,testing
JSTMFG,mabel@jst-mfg.com.hk,921e8807330903e22ed5,jstjst
KICKSCREW,kevin.luk@kickscrew.com,937a18144fa0caee4a027bc68f,kickscrew
LF,celiayan@lifung.com.hk,ce00072daaeb004ce719,lifung
LF,elkylai@lifung.com.hk,ce00072daaeb004ce719,lifung
LF,irischanyn@lifung.com.hk,ce00072daaeb004ce719,lifung
LF,lf_test@dhl.com,c6011ac9ccb702fc4369,dhl123
LF,mariewong@lifung.com.hk,ce00072daaeb004ce719,lifung
LF,nataliekam@lifung.com.hk,ce00072daaeb004ce719,lifung
LF,vincyma@lifung.com.hk,ce00072daaeb004ce719,lifung
LF,wendywongwy@lifung.com.hk,ce00072daaeb004ce719,lifung
LF,yokowong@lifung.com.hk,ce00072daaeb004ce719,lifung
MGL,joe@motionglobal.com,1768640941810525057c,mglmgl
MGL,kevin.luk@dhl.com,1768640941810525057c,mglmgl
PRINTRICH,joey.chan@print-rich.com,0b002658bdc841489a02dfac81,printrich
SMBC,jacky.ho@smbc.com.hk,ad18e1e098102e2804607421,smbcsmbc
SONY,Alice.Ho@sony.com.hk,faffc1c09010e72501ffa3b3,sonysony
SONY,Chung.Lau@sony.com.hk,18d89f672a12f1da044a232f,gHg9dCuW
SONY,Dennis.Auyeung@sony.com.hk,f8bf6ff8406e0735039e776c,sonysony
SONY,Elsa.Yip@sony.com.hk,f8bf6ff8406e0735039e776c,sonysony
SONY,Laifally.Chan@sony.com.hk,f8bf6ff8406e0735039e776c,sonysony
SONY,Lectern-Jack@sony.com.hk,f8bf6ff8406e0735039e776c,sonysony
SONY,Michelle.Li@sony.com.hk,f8bf6ff8406e0735039e776c,sonysony
SONY,Nathlie.Wong@sony.com.hk,f0cf16d318a2b5dc028602d7,zAyP8qtu
SONY,SSCS_Teresa@sony.com.hk,f8bf6ff8406e0735039e776c,sonysony
SONY,Sharon.Lee@sony.com.hk,f8bf6ff8406e0735039e776c,sonysony
SONY,Vien.Chen@sony.com.hk,f8bf6ff8406e0735039e776c,sonysony
SONY,Yen.Wong@sony.com.hk,f8bf6ff8406e0735039e776c,sonysony
SONY,Yonny.Yuen@sony.com.hk,d4b71d702ec96b028b08ee,may0527
SONY,charmaine.chow@dhl.com2,1e67645514de054e1f0e,dhl123
SONY,jason.c.lee@dhl.com,0bf986330a430fb6760363a5f6,twtesting
SONY,judy.chen@dhl.com,076f5576ba0c499402690683,nZRyKTgX
SONY,testing@dhl.com,b7af1bad22e17103e533dc,testing
SONY,twtesting@dhl.com,0bf986330a430fb6760363a5f6,twtesting
TEST,test@dhl.com,1e67645514de054e1f0e,dhl123
TEST2,charmaine.chow@dhl.com,64c3c04ef86003ff2bb0,dhl123
TEST2,test2@dhl.com,dhl123,dhl123
TW,joanne.chen@dhl.com,c607c98bbed5034a262c,dhl123
UBM,charmaine.chow@dhl.com4,0f6d65114480000dbf52,ubmubm
UBM,ida.kwok@ubm.com,0f6d65114480000dbf52,ubmubm
UBM,jackie.wong@ubm.com,0f6d65114480000dbf52,ubmubm
UBM,jordan.chan@ubm.com,0f6d65114480000dbf52,ubmubm
UBM,lonia.hui@ubm.com,0f6d65114480000dbf52,ubmubm
UBM,michael.lau@ubm.com,0f6d65114480000dbf52,ubmubm
VLOGIC,candyyau@v-logic.net,0c6367034f8e16094b05f3b8e1,vlogicnet
